{
  "report": {
    "appointment_logistics": {
      "precision": 1.0,
      "recall": 0.3333333333333333,
      "f1-score": 0.5,
      "support": 3.0
    },
    "medication_side_effect": {
      "precision": 0.5,
      "recall": 0.5,
      "f1-score": 0.5,
      "support": 2.0
    },
    "positive_feedback": {
      "precision": 1.0,
      "recall": 0.6666666666666666,
      "f1-score": 0.8,
      "support": 3.0
    },
    "symptom_report": {
      "precision": 0.4,
      "recall": 1.0,
      "f1-score": 0.5714285714285714,
      "support": 2.0
    },
    "accuracy": 0.6,
    "macro avg": {
      "precision": 0.725,
      "recall": 0.625,
      "f1-score": 0.5928571428571429,
      "support": 10.0
    },
    "weighted avg": {
      "precision": 0.78,
      "recall": 0.6,
      "f1-score": 0.6042857142857143,
      "support": 10.0
    }
  },
  "f1_macro": 0.5928571428571429
}